question,paragraph,link,doc_id
כמה אני צריך לקבל קצבת ילדים עבור 4 ילדים,"שיעורי קצבת הילדים


מיקום הילד/ה במשפחה
סכום הקצבה עבור הילד/ה (נכון ל-2024)


ילד ראשון
169 ₪


ילד שני
214 ₪


ילד שלישי
214 ₪ (+ 111 ₪ להורים שמקבלים קצבאות קיום)


ילד רביעי
214 ₪  (+ 111 ₪ להורים שמקבלים קצבאות קיום)


ילד חמישי ואילך
169 ₪

לשיעורי הקצבה בשנים הקודמות ראו באתר המוסד לביטוח לאומי.

חשוב לדעת
קצבת ילדים פטורה מתשלום מס הכנסה.
המוסד לביטוח לאומי רשאי לקזז מהקצבה חוב שיש לאחד מההורים למוסד לביטוח הלאומי (עקב תשלום יתר בקצבת הילדים או בקצבאות אחרות או עקב אי תשלום דמי ביטוח).
החל מינואר 2017 נפתחת תוכנית חיסכון אישית עבור כל ילד שזכאי לקצבת ילדים. למידע נוסף ראו תוכנית ""חיסכון לכל ילד"".

גורמים מסייעים
מוקדים ממשלתיים
שם: מענה ממשלתי מרכזי 
אתר:    אתר
דוא""ל: דוא""ל
טלפוןטל': 1299
גורמים מסייעים
מוקדים ממשלתיים
שם: שי""ל 
אתר:    אתר
דוא""ל: פניה מקוונת
טלפוןטל': 118
מוקדים ממשלתיים
שם: מענה ממשלתי מרכזי 
טלפון: 1299
מוקדים ממשלתיים
שם: שי""ל 
טלפון: 118מוקדים ממשלתיים
שםטלפוןמענה ממשלתי מרכזי 1299שי""ל 118
גורמי ממשל
המוסד לביטוח לאומי
",https://www.kolzchut.org.il/he/קצבת_ילדים,6499
מאיזה שנה חייב המעסיק להפריש לפנסיה,"

בעקבות פרסום צו ההרחבה לביטוח פנסיוני מקיף במשק, החל משנת 2008 יש לבטח כל עובד בביטוח פנסיוני המתבצע באמצעות הפרשות, גם של העובד וגם של המעסיק, לביטוח הפנסיוני של העובד. בנוסף, המעסיק מחויב להפריש סכומים מסוימים לקרן פיצויי פיטורים של העובד. 

החל ממשכורת ינואר 2017, שיעור ההפרשות הוא 18.5% מהשכר, מתוכם 6% על חשבון העובד והיתר (12.5%) על חשבון המעסיק (6.5% הפרשות מעסיק לרכיב תגמולים ו-6% הפרשות מעסיק לרכיב פיצויים).
עובדים בשירות המדינה זכאים לשיעורי הפרשות גבוהים יותר החל מיולי 2015 (ראו בהמשך).
העובד זכאי לבחור את סוג הביטוח הפנסיוני שבו הוא רוצה להיות מבוטח (קרן פנסיה, קופת גמל או ביטוח מנהלים). החל מספטמבר 2023 ישנם תנאים מקדימים לבחירה בביטוח מנהלים, למידע נוסף ראו כאן.
העובד זכאי לבחור את הגוף הספציפי שאליו יופרשו הכספים ושבו ינוהל הביטוח הפנסיוני.
הפרשות החובה מחושבות על-פי הברוטו של שכר הבסיס של העובד (ללא שעות נוספות) או לפי השכר הממוצע במשק - לפי הנמוך מביניהם אלא אם בהסכם העבודה הוסכם כי ההפרשות יחושבו מתוך שכר גבוה יותר, למשל מתוך מלוא השכר. (ראו פרטים בהמשך).
עובד אינו רשאי לוותר על זכותו לביטוח פנסיוני (גם לא על תשלומים בדיעבד שלא שולמו) ואינו יכול למנוע את ניכוי החלק שלו בהפרשות מתוך השכר.
במקומות עבודה שבהם חל על העובדים הסדר מיטיב בביטוח פנסיוני, המעסיק מחויב להפריש סכומים על-פי הסדר זה, אם תנאיו טובים יותר מהתנאים שנקבעו בצו ההרחבה.
ההפרשות לביטוח פנסיוני עבור העובדים הן חובה של המעסיק, והעובד אינו רשאי לוותר עליהן.
מעסיק שלא מבצע הפרשות לביטוח הפנסיוני עשוי להיות חשוף להטלת קנסות מהיחידה לאכיפת חוקי העבודה במשרד העבודה ואף לתביעות כספיות מצד העובד. ראו פירוט בהמשך דף זה.
",https://www.kolzchut.org.il/he/חובת_ביטוח_פנסיוני_לעובדים,263
האם צריך לתת אישור מחלה ליום מחלה יחיד כשלא משולם עבורו,"
חולה רשאי לפנות לכל רופא כדי לקבל תעודת מחלה לתקופה של עד 30 יום בשל מחלה אחת. תעודות מחלה לתקופות ארוכות יותר, יינתנו רק בהמלצת רופא מומחה או בחתימת מנהלו הרפואי של הרופא נותן התעודה


 
אסור לרשום על תעודת המחלה את האבחנה הרפואית בגינה ניתנה התעודה


 
ניתן לקבל תעודת מחלה למשך עד 4 ימים מבלי להגיע למרפאתו של הרופא


 
ככלל אסור לרופא לתת לחולה תעודת מחלה בדיעבד, אלא במקרים שיפורטו בהמשך


 
למידע נוסף ראו חוזר מינהל הרפואה מס 24/2017 בעניין מתן תעודת מחלה (https://www.health.gov.il/hozer/mr24_2017.pdf)
חוזר מינהל הרפואה מס 24/2017 בעניין מתן תעודת מחלה קובע את הכללים למתן תעודות מחלה מרופא.

חולה רשאי לפנות לכל רופא כדי לקבל תעודת מחלה לתקופה של עד 30 יום בשל מחלה אחת. תעודות מחלה לתקופות ארוכות יותר יינתנו רק בהמלצת רופא מומחה או בחתימת מנהלו הרפואי של הרופא נותן התעודה.
אסור לרופא לרשום על תעודת המחלה את האבחנה הרפואית בגינה ניתנה התעודה.
רופא רשאי לתת לחולה תעודת מחלה עבור עד 4 ימים, מבלי שהחולה יגיע למרפאתו. במקרים מסוימים רשאי הרופא לתת תעודת מחלה עבור תקופה ממושכת יותר.
ככלל אסור לרופא לתת לחולה תעודת מחלה בדיעבד, אלא במקרים שיפורטו בהמשך.

אוכלוסיית יעד ותנאים מקדימים
חולים המעוניינים לקבל מהרופא תעודת מחלה.
עובדים שכירים שנעדרו מהעבודה עקב מחלתם ומבקשים מהמעסיק תשלום דמי מחלה
תלמידי בית ספר או ילדים בגני ילדים שנעדרו מהמוסד הלימודי עקב מחלתם
כל אדם הזקוק להוכחה שהיה חולה במועד מסוים
",https://www.kolzchut.org.il/he/הוצאת_תעודת_מחלה,13245
היכן מחשבון של חישוב דמי מזונות,"
הפורטל עוסק בזכאותם של בני משפחה למזונות בעת פירוק התא המשפחתי.
בתי המשפט נוהגים לפסוק 3 סוגי מזונות:

מזונות אישה: דמי מזונות לבת/בן זוג (לרוב מזונות אישה), נועדו להבטיח את רמת החיים של האישה, ממועד הפרידה בין בני הזוג ועד למועד התרת קשר הנישואין.
מזונות ילדים: נועדו להבטיח את רמת החיים של ילדים הנמצאים בחזקת אחד מההורים או בחזקת אפוטרופוס.
מזונות בני משפחה נוספים: לדוגמה, מזונות הורים עבור קשישים שאינם מסוגלים לכלכל את עצמם, וילדיהם מסוגלים לכלכל אותם.
מזונות מבעל או בן משפחה
מזונות אישה
מזונות לאישה שבעלה מסרב לתת לה גט (מזונות מעוכבת)
מזונות זמניים
מזונות ילדים
תביעה לשינוי סכום מזונות ילדים
תביעת אבהות
קבלת מזונות מבן משפחה
גביית מזונות באמצעות ההוצאה לפועל

הליכים ומשפט
בקשה לביצוע פסק דין למזונות בהוצאה לפועל
גביית חוב במסלול מזונות בהוצאה לפועל
תביעת אבהות
דיון בדלתיים סגורות בענייני משפחה
סיוע משפטי בתחום משפחה ומעמד אישי מטעם האגף לסיוע משפטי

קצבת מזונות מהביטוח הלאומי
קצבת מזונות והטבות נלוות

הקלות למשלמי מזונות
נקודות זיכוי ממס הכנסה בגין תשלום מזונות לבן זוג לשעבר
נקודות זיכוי ממס הכנסה להורה גרוש או פרוד עבור גידול ילדיו

גורמים מסייעים
מוקדים ממשלתיים
שם: מענה ממשלתי מרכזי 
אתר:    אתר
דוא""ל: דוא""ל
טלפוןטל': 1299
גורמים מסייעים
מוקדים ממשלתיים
שם: שי""ל 
אתר:    אתר
דוא""ל: פניה מקוונת
טלפוןטל': 118
מוקדים ממשלתיים
שם: מענה ממשלתי מרכזי 
טלפון: 1299
מוקדים ממשלתיים
שם: שי""ל 
טלפון: 118מוקדים ממשלתיים
שםטלפוןמענה ממשלתי מרכזי 1299שי""ל 118
ארגוני סיוע
נעמת
ויצו
שדולת הנשים בישראל
המרכז לקידום מעמד האשה - מרכז רקמן
הסיוע המשפטי מטעם משרד המשפטים
יחידות הסיוע שליד בתי המשפט לענייני משפחה ובתי הדין הדתיים
",https://www.kolzchut.org.il/he/מזונות,2344
מה התפקיד של מנחה האומנה?,"
תחומי האחריות והתפקידים העיקריים של מנחה האומנה
ביצוע ראיונות, אבחונים, מפגשי הדרכה והסברה עבור מי שמבקש לשמש כהורה אומנה ובסופם נותן את חוות דעתו על התאמת או אי התאמת המבקש לשמש הורה אומנה.
מסירת מסמכים ואישורים שונים להורה האומנה בנוגע לילד ולאומנה.
ליווי ומעקב אחר הילד ומצבו בכל תקופת שהייתו באומנה וקיום מפגשים אישיים עם הילד בהתאם לתוכנית הטיפול, למצבו ולצרכיו.
אחריות על יישום תוכנית הטיפול של הילד ופיקוח על תיפקודו של הורה האומנה.
קיום קשר עם המחלקה לשירותים חברתיים ברשות המקומית שבה מתגוררים הוריו הביולוגיים של הילד ובין השאר עם העובד הסוציאלי שמטפל בהם, כדי להבטיח את המשך הקשר בין הילד להוריו הביולוגיים בתקופת האומנה.
ליווי, ייעוץ, הדרכה, הכוונה ותמיכה מתמשכים להורה האומנה ותיווך ביניהם לבין משרד הרווחה בכל נושא.
עזרה להורי האומנה במימוש זכויותיהם ובתיווך מול הרשויות השונות, כמו: מסגרת חינוכית, רשות מקומית וכו'.
קיום קשר עם גורמי החינוך במוסד החינוכי שבו לומד הילד, גורמי בריאות, גורמי רווחה וכל גורם אחר בחייו של הילד.
קיום קשר עם המוסד לביטוח לאומי בקשר לזכויות המגיעות לילד או עבורו.
דיווח לממונה על רישוי האומנה במשרד הרווחה על כל שינוי שיכול להשפיע על רישיון האומנה או לגרום לביטול הרישיון.
דיווח על אירועים משמעותיים הנוגעים לילד, בהתאם להנחיות ולנהלים שנקבעו לעניין זה.
דיווח למפקח האומנה במשרד הרווחה ולמחלקה לשירותים חברתיים במקרה שבו הילד מבקש לסיים את האומנה או שיש צורך לבחון מחדש את תוכנית הטיפול של הילד.
פנייה לכל מי שיש לו מידע שנוגע לילד, אם המידע נדרש לצורך מילוי תפקידו ושמירה על טובת הילד וזכויותיו.

חשוב לדעת
מנחה האומנה מועסק וממונה על-ידי הגוף המפעיל (עמותה או גוף פרטי) שמוסמך ומאושר להעניק את שירותי האומנה השונים עבור משרד הרווחה והביטחון החברתי.
משרד הרווחה והביטחון החברתי מפקח באופן שוטף על הגוף המפעיל ועל מנחה האומנה באמצעות מפקחי האומנה.
",https://www.kolzchut.org.il/he/מנחה_אומנה,13726
"אם אני רוצה להעסיק שני עובדים מהשטחים בשיפוצים, למי אני צריך לפנות","
הפרויקטים והעבודות בהם ניתן היתר להעסקת עובדים פלסטינים בענף הבנייה בישראל
בהתאם להחלטות הממשלה העסקת עובדים פלסטינים בענף הבניין בישראל  הותרה  בפרויקטים של בניה למגורים ותשתיות בלבד:

בפרויקטים אלה ניתן להעסיק  עובדים פלסטינים בעבודות רטובות בלבד: טפסנות, ברזלנות, טיח וריצוף.
לא תותר העסקת עובדים פלסטינים בענף הבניין בפרויקטים חדשים שאינם בניה למגורים ושניתן עבורם צו תחילת עבודה לאחר יום 01.01.2016, אלא אם ניתן לכך אישור  מצוות בינמשרדי בראשות מנכ""ל משרד הבינוי והשיכון.
בנייה למגורים - דירות, בנייה רוויה או בתים צמודי קרקע.
תשתיות - מערכות מים, ביוב, ניקוז, חשמל, תאורה או כבישים וגשרים.
מבנה משולב - מבנה מגורים המורכב ממספר פונקציות משולבות.
מבנה ציבור - מוסד חינוך, מתנ""ס, שלוחתו או חדר חוגים, אולם תרבות או מופעים, אולם ספורט או מגרש ספורט, בריכת שחייה, ספריה, מרכז לצעירים או לגיל הרך, מועדון נוער או קשישים, מעון יום, בית כנסת, מקווה, מוסד בריאות או בית חולים.

אוכלוסיית יעד ותנאים מקדימים
קבלן המבקש לקבל היתר להעסקת עובדים פלסטינים בענף הבניין, נדרש לעמוד בתנאי הסף הבאים:

הוא קבלן רשום בפנקס הקבלנים ובעל רישיון קבלן בתוקף מרשם הקבלנים במשרד הבינוי והשיכון.
הוא אינו קבלן כוח אדם, נותן שירותי כוח אדם או מתווך כוח אדם.
הוא לא הפר בעבר את תנאי העבודה של עובדיו הפלסטינים, והוא העביר כנדרש  לאגף שירות מעסיקים את מלוא הדיווחים והתשלומים עבור עובדיו אלה.
",https://www.kolzchut.org.il/he/קבלת_היתר_להעסקת_עובדים_פלסטינים_בענף_הבנייה,18148
"הרווחתי בעבודה 850 שח ליום עבודה, זה הסכום שאני אקבל באבטלה?","שיעור דמי האבטלה
חישוב השכר היומי הממוצע
השכר היומי הממוצע יחושב לפי כל הכנסת העובדים שחייבת בתשלום דמי ביטוח לאומי ב-6 החודשים האחרונים שקדמו לחודש שבו נרשמו לראשונה בלשכת שירות התעסוקה, מחולק ב-150.

מי שקיבלו מהמעסיק אחרי שהפסיקו לעבוד תשלומים עבור 6 חודשי העבודה האחרונים עשויים לקבל הפרשים לדמי האבטלה (לבדיקת הזכאות יש לפנות למחלקת אבטלה בסניף המטפל).
למי ששכרם הופחת במהלך 6 חודשי העבודה האחרונים בעקבות תאונה/מחלה (כולל בגלל טיפול בבני משפחה מדרגה ראשונה שחלו) או מסיבה אחרת שלא באשמתם, ניתן לחשב את דמי האבטלה לפי השכר בחודשים שלפני כן, בתקופה של עד 18 חודשים לפני שהתייצבו לראשונה בשירות התעסוקה.
למי ששולמו במהלך 6 חודשי העבודה האחרונים דמי פגיעה, דמי האבטלה יחושבו לפי הכנסתם החייבת בדמי ביטוח בחודשים שלפני כן, בתקופה של עד 18 חודשים לפני שהתייצבו לראשונה בשירות התעסוקה.
למי שנעדרו מהעבודה במהלך 6 חודשי העבודה האחרונים בגלל שביתה, דמי האבטלה יחושבו מבלי להתייחס להפחתה בשכר שנגרמה כתוצאה מההיעדרות. למידע נוסף ראו זכותון עובדים בעת שביתה.
שיעור דמי האבטלה
הסכום המירבי של דמי אבטלה
ב-125 הימים הראשונים (5 חודשים), הסכום המירבי שניתן לקבל ליום הוא 501.44 ₪ ליום, נכון ל-2024.
בשאר ימי הזכאות הסכום המירבי שניתן לקבל הוא 334.29 ₪ ליום, נכון ל-2024.
",https://www.kolzchut.org.il/he/דמי_אבטלה,1521
כמה שעות הכי הרבה מקבלים בוועדת אפיון וזכאות,"
החלטת ועדת זכאות ואפיון
ועדת זכאות ואפיון קובעת את זכאותו של תלמיד עם צרכים מיוחדים לשירותי חינוך מיוחדים, ואת היקף סל השירותים שיינתן לו לפי רמת תפקודו ולפי צרכיו.
הוועדה קובעת את רמת התפקוד והצרכים של התלמיד בהתאם למצבו, בין השאר בתחומים האלה: קוגנטיבי, לימודי, שפתי, רגשי, חברתי, עצמאות תפקודית והתארגנות, ותקשורת.
הוועדה תיידע את הורי התלמיד לגבי השירותים שהתלמיד זכאי לקבל בכל מסגרת חינוכית שבה ילמד, מבין מסגרות אלה:

שירותי החינוך המיוחדים שהתלמיד עשוי להיות זכאי להם מפורטים בתוספת השנייה לחוק חינוך מיוחד.
הזכאות של תלמיד לשירותי חינוך מיוחדים תקפה למשך 3 שנים או עד לקיומה של ועדה חדשה שתתקיים תוך פחות מ-3 שנים.
כיתה רגילה במוסד חינוך רגיל
כיתה במוסד חינוך רגיל שניתנים בה שירותי חינוך מיוחדים
מוסד חינוך מוכר שניתנים בו שירותי חינוך מיוחדים
",https://www.kolzchut.org.il/he/ועדת_זכאות_ואפיון_לשירותי_חינוך_מיוחדים,15019
"אני רוצה לפטר עובדת נקיון .
צריך שימוע? מה הזכויות שלה","
סיום עבודה - פיטורים והתפטרות
הודעה מוקדמת
מעסיקים שמעוניינים לפטר עובדות במשק בית (וכן עובדות שמעוניינות להתפטר), מחויבים במתן הודעה מוקדמת בת יום אחד עבור כל חודש של עבודה. (למשל, בתום שנה של עבודה העובדות זכאיות להודעת פיטורים מוקדמת בת 12 ימים).
המשמעות היא שבמהלך תקופת ההודעה המוקדמת העובדת זכאית להמשיך לעבוד כרגיל (בימי העבודה והשעות הרגילים שלה) ולקבל שכר.
המעסיק רשאי לוותר על עבודה בפועל במהלך תקופת ההודעה המוקדמת, ולהפסיק את העסקתה של העובדת באופן מיידי, אבל הוא עדיין חייב לשלם לה את השכר הרגיל שהיה משלם אילו המשיכה לעבוד אצלו באותם ימי עבודה החלים במהלך תקופת ההודעה המוקדמת (למעט החזר הוצאות נסיעה).
עובדת משק בית שעבדה במשך שנה כעוזרת בית, פעמיים בשבוע, בימים שני ורביעי.
כעבור שנה, ביום חמישי מודיע לה המעסיק על פיטוריה.
העובדת זכאית ל-12 ימי הודעה מוקדמת (יום לכל חודש עבודה).
12 הימים מסתיימים ביום שלישי בשבוע השני שלאחר מתן ההודעה.
העובדת זכאית להמשיך לעבוד ולקבל שכר בכל ימי העבודה (ימים שני ורביעי) אשר חלים במהלך 12 הימים הבאים:

ימים שני ורביעי בשבוע הראשון שלאחר ההודעה.
יום שני בשבוע שלאחר מכן.
סה""כ שלושה ימי עבודה. (העובדת אינה זכאית לעבוד ביום רביעי בשבוע השני, שכן הוא חל לאחר שכבר הסתיימו 12 הימים של ההודעה המוקדמת).
אם המעסיק רוצה להפסיק את עבודתה מייד, הוא רשאי לעשות זאת אך עליו לשלם לה שכר רגיל עבור שלושה ימים (שלושת ימי העבודה שבהם היתה עובדת במהלך תקופת ההודעה המוקדמת).
אם העובדת שפוטרה הפסיקה את עבודתה לאלתר על דעת עצמה ללא הסכמת המעסיק, ולא המשיכה לעבוד בתקופת ההודעה המוקדמת, רשאי המעסיק להגיש נגדה תביעת פיצויים לבית הדין לעבודה ושם עליו להוכיח את הנזקים שנגרמו לו כתוצאה מעזיבתה המוקדמת של העובדת. אסור למעסיק לקזז, על דעת עצמו, סכומים כלשהם מתוך התשלומים להם זכאית העובדת בסיום תקופת העבודה, כפיצוי על הנזקים שנגרמו עקב עזיבתה המיידית לפני תום תקופת ההודעה המוקדמת.
למידע נוסף ראו:

הודעה מוקדמת לפיטורים.
הודעה מוקדמת להתפטרות.
",https://www.kolzchut.org.il/he/זכותון_עובדים_במשק_בית_%28עוזרות_בית_ומטפלים/ות%29,2351
האם לעובד זר לא מסתנן יש תעודת זהות ישראלי?,"
זכותו של כל תושב ישראל הנמצא בישראל וגילו 16 ומעלה, לקבל תעודת זהות


 
אזרח ישראלי שמרכז חייו מחוץ לישראל, אינו זכאי לקבל תעודת זהות


 
החל מחודש יוני 2017, מונפקות תעודות זהות ביומטריות בלבד


 
תעודת זהות ראשונה מונפקת ללא עלות


 
למידע נוסף ראו סע' 24 לחוק מרשם האוכלוסין, תשכ""ה-1965 (https://www.nevo.co.il/law_html/Law01/289_001.htmSeif31)
כל אזרח ותושב ישראל מגיל 16 ומעלה, רשאי לקבל תעודת זהות אשר מונפקת על-ידי רשות האוכלוסין וההגירה. 

הנפקה של תעודת זהות בפעם הראשונה, אינה כרוכה בתשלום.
אזרח ישראלי אשר מרכז חייו לא בישראל, אינו זכאי לקבלת תעודת זהות.

מי זכאי?
מי שעומד בכל התנאים הבאים:

מעל גיל 16.
אזרח מדינת ישראל (כולל מי שמחזיק באשרת עולה, תעודת עולה או רישיון לישיבת קבע).
נמצא במדינת ישראל כתושב (מרכז חייו הוא במדינת ישראל ולא בחו""ל).

תהליך מימוש הזכות
החל מחודש יוני 2017, רשות האוכלוסין וההגירה מנפיקה תעודות זהות ביומטריות בלבד. למידע נוסף ראו הוצאה וחידוש של תעודת זהות.

חשוב לדעת
הוצאת תעודת זהות ראשונה אינה כרוכה בתשלום.
אזרח ישראלי שמרכז חייו מחוץ לישראל, אינו זכאי לקבל תעודת זהות.

גורמים מסייעים
מוקדים ממשלתיים
שם: מענה ממשלתי מרכזי 
אתר:    אתר
דוא""ל: דוא""ל
טלפוןטל': 1299
גורמים מסייעים
מוקדים ממשלתיים
שם: שי""ל 
אתר:    אתר
דוא""ל: פניה מקוונת
טלפוןטל': 118
מוקדים ממשלתיים
שם: מענה ממשלתי מרכזי 
טלפון: 1299
מוקדים ממשלתיים
שם: שי""ל 
טלפון: 118מוקדים ממשלתיים
שםטלפוןמענה ממשלתי מרכזי 1299שי""ל 118
גורמי ממשל
רשות האוכלוסין וההגירה

מקורות משפטיים ורשמיים
פסקי דין
אזרח ישראלי שמרכז חייו מחוץ לישראל, אינו זכאי להנפקת תעודת זהות חדשה
",https://www.kolzchut.org.il/he/קבלת_תעודת_זהות,15156
נכה נפשית מבקש סיוע בשכירות,"סיוע בדיור


שאלה

מה לעשות?

הערות

המשך טיפול


האם אושר לך סל שיקום?

אם כן, תוכל לקבל הפניה לאחת ממסגרות המגורים המוגנות בקהילה והשתתפות במימון הפעילות השיקומית בה. מסגרות אלו כוללות הוסטל או דיור מוגן.
בנוסף, אולי תהיה זכאי לסיוע ברכישת הציוד הראשוני עבור הדיור.


בכל אחת מהמסגרות קיימות דרגות שונות של ליווי על-ידי הצוות.



האם אתה מקבל קצבת נכות כללית ומוגדר כהגדרת חסרי דירה לסיוע בשכר דירה ולקבלת משכנתא?

כדאי לבדוק את זכאותך לסיוע בשכר דירה.



האם אתה מקבל הנחה בארנונה?

מומלץ לבדוק אם הרשות המקומית ביישוב שבו אתה מתגורר מעניקה הנחה בארנונה לנכים ומה גובה ההנחה.


תמיכה וסיוע למשפחות מתמודדי נפש


שאלה

מה לעשות?

הערות

המשך טיפול


האם אחד מבני המשפחה שלכם הוא מתמודד נפש?

אתם זכאים לשירותי ייעוץ ותמיכה ללא תשלום, וללא תלות בזכאות לסל שיקום או בהכרה של המוסד לביטוח לאומי.

תוכלו להיעזר גם בארגונים שמפורטים למטה.



האם בן המשפחה שאובחן כמתמודד נפש מתגורר עמכם בדירה?

בדקו את הזכאות לקבל את שירותי הסיוע הבאים:
חונך - מדריך שתפקידו לסייע בפיתוח כישורים חברתיים ומיצוי פעילויות פנאי.
סומך - מדריך שתפקידו לסייע בפיתוח כישורי ניהול משק בית כדוגמת עריכת קניות, הזמנת אנשי מקצוע, בישול וניקיון.

הסיוע מיועד למי שמתגורר בביתו או בבית אחר עם בני משפחתו (ולא במסגרת הוסטל או דיור מוגן) וזכאי זכאי לסל שיקום.



האם אתם או קרוביכם נפגעי טראומה על רקע לאומי (נפגעי פעולות איבה)?

תוכלו להיעזר בשירותי הסיוע, הייעוץ וההדרכה של נט""ל.

נט""ל מפעילה קו שמציע עזרה נפשית לנפגעי טראומה.



האם אתם או קרוביכם ניצולי שואה?

תוכלו לפנות אל קו הסיוע לניצולי שואה ובני משפחותיהם שמופעל ע""י ער""ן.


",https://www.kolzchut.org.il/he/מדריך_מיצוי_זכויות_למתמודדי_נפש_ובני_משפחותיהם,10087
התוויה נוספת לתרופת SELINCRO,"
התוויה רפואית היא השיוך של טיפול רפואי מסוים למצב רפואי מסוים


 
כשתרופה מסוימת נכללת בסל שירותי הבריאות (/he/תרופות_בסל_הבריאות), היא נכללת בו לשם שימוש בהתוויות הקבועות בו בלבד


 
מבוטח אינו זכאי לתרופה שנכללת בסל הבריאות בהתוויה שונה מזו שקבועה בסל


 
עם זאת, במקרים ותנאים מסוימים ניתן להגיש בקשה לקבלת תרופה בהתוויה שונה מזו שקבועה בסל
התוויה רפואית היא השיוך של טיפול רפואי מסוים (כולל טיפול תרופתי, רפואי או תזונתי) למצב רפואי מסוים.

תרופות וטיפולים נכללים בסל שירותי הבריאות לצורך שימוש במצבים רפואיים מסוימים בלבד ובהתקיים תנאים רפואיים מסוימים.
התוויה היא שיוך התרופה או הטיפול למצב רפואי מסוים (הקריטריונים לקביעה האם התרופה או הטיפול מתאימים למצב הרפואי).
כשתרופה נכללת בסל שירותי הבריאות היא נכללת בו לשם שימוש בהתוויות הקבועות בו בלבד. לפיכך, מבוטח אינו זכאי לתרופה הנכללת בסל הבריאות בהתוויה השונה מזו הקבועה בסל.
ישנם שני סוגים של התוויות רפואיות:

התוויה יחסית - ניתן לנקוט בטיפול הרפואי בנסיבות מסוימות.
התוויה מוחלטת - חובה לנקוט בטיפול הרפואי.
במקרים ותנאים מסוימים, ניתן להגיש בקשה לקבלת אישור לתרופה לשימוש שונה מזה שהותווה לה בסל. למידע נוסף ראו באתר משרד הבריאות (תכשירי 29 הומני).
",https://www.kolzchut.org.il/he/התוויה_רפואית,4609
"האם עובד יכול לתבוע מעסיק בגין שכר העבודה שמגיע לו מן התקפה שלפני שמעסיקו פשט רגל ולאחר שהליך הפש""ר הסתיים?","תשלום שכר עבודה ופיצויי פיטורים
 שכר עבודה
תשלום שכר העבודה שלא שולם על ידי המעסיק יהיה עבור תקופה של עד 12 חודשים.
גובה התשלום לא יפחת מסכום שכר מינימום ובהתאם להיקף משרתו של העובד.
לתשלום יתווספו הפרשי הצמדה מיום קבלת תביעת החוב עד למועד התשלום בפועל על ידי הביטוח הלאומי.
רכיבי השכר שנלקחים בחשבון לצורך תשלום שכר העבודה (יש להוכיח שרכיבים אלו אכן שולמו לעובד):

רכיבי שכר נוספים שמופיעים בתלוש יילקחו בחשבון אם הם עונים על הגדרת ""שכר עבודה"" בחוק הגנת השכר.
רכיבי השכר שלא נלקחים בחשבון לצורך תשלום שכר העבודה:

משכורת בסיסית
שעות נוספות
פרמיה
עמלות
מענקים
תוספת מאמץ
הוצאות נסיעה
תוספת מחלקתית ותוספת מקצועית
הפרשי שכר שלא שולמו לעובד בעבור השנה האחרונה לעבודתו
פדיון ימי חופשה שנותרו לזכותו של העובד ואשר מופיעים בתלוש השכר האחרון (עד למקסימום שניתן לצבור לפי חוק חופשה שנתית)
דמי הבראה שטרם שולמו לעובד עבור השנתיים האחרונות לעבודתו
ביגוד - החלק שלא שולם לעובד עבור השנה האחרונה לעבודתו
משכורת 13 - החלק שלא שולם לעובד עבור השנה האחרונה לעבודתו
החזר הוצאות רכב
טלפון
אש""ל
פדיון ימי מחלה
",https://www.kolzchut.org.il/he/פיצויים_לעובדים_במקרה_של_חדלות_פירעון_%28פשיטת_רגל%29_של_המעסיק_אחרי_15.09.2019,16074
כמה ימי חופשה מגיעים לי לאחר סוף שירות המילואים?,"
מדריך זה מרכז מידע על הסיוע, הזכויות וההטבות שזכאים להם מי שמשתחררים משירות מילואים במלחמת חרבות ברזל


 
לרשימת שאלות ותשובות בעקבות המלחמה היכנסו לשאלות ותשובות למי שמשרתים במילואים במהלך מלחמת חרבות ברזל (/he/שאלות_ותשובות_למי_שמשרתים_במילואים_במהלך_מלחמת_חרבות_ברזל)
במהלך מלחמת חרבות ברזל גויסו רבים לשירות מילואים ונאלצו לעזוב את משפחותיהם, עבודתם ואת בתי העסק שלהם.
כעת, עם השחרור משירות המילואים ריכזנו בדף זה מידע על הסיוע, ההקלות וההטבות שזכאים להם מי ששירתו במילואים - 
סיוע רגשי ונפשי, מענקים כספיים, הקלות וזכויות בלימודים, במקום העבודה ובניהול העסק, הקלות בבנקים, ועוד.


הקלות לעצמאים ובעלי עסקים
פיצוי על הפסדים שנגרמו לעסקים
בעלי עסקים זכאים לפיצוי על ההפסדים שנגרמו להם עקב המלחמה.
סכום הפיצויים ומסלולי הפיצויים משתנים לפי מיקום העסק, מקום המגורים של בעל העסק או עובדיו, סוג העסק וגודלו:

מי שזכאים לפיצוי או למענק לפי יותר ממתווה אחד יכולים לבחור את המתווה או המענק המועדף עליהם לפי רצונם.
בעלי עסקים רשאים לבחור במתווה פיצויים אחד בלבד, למעט במקרים מיוחדים.
למידע מפורט על הפיצויים השונים ראו המדריך לעצמאים ובעלי עסקים בתקופת מלחמת חרבות ברזל.
פיצויים לכל העסקים בארץ (מענק המשכיות עסקית)
פיצויים לעסקים ב""אזור המיוחד""
פיצויים לבעלי עסקים שהם או עובדיהם מתגוררים ביישוב שהתפנה על-פי החלטת הממשלה
פיצויים לעסקים ביישובי ספר
",https://www.kolzchut.org.il/he/מדריך_למשתחררים_משירות_מילואים_במלחמת_חרבות_ברזל,21486
פעולות נלוות של הפסקת היריון אצל קטינות.,"מי זכאי?
בדיקה לגילוי נגיף ה-HIV
במקרים מסוימים, קטין רשאי לבצע בדיקת דם לגילוי נגיף ה-HIV גם ללא ידיעת הוריו וללא הסכמתם.

לבקשת עובד סוציאלי, בית-המשפט לנוער רשאי להורות למסור תוצאת בדיקה חיובית (המעידה על נוכחות נגיף ה-HIV בדם) גם להוריו של הקטין, על-אף התנגדותו.
למידע נוסף ראו בדיקה לגילוי HIV (איידס) אצל קטין ללא הסכמת הוריו.
קטין שמלאו לו 14 שנה רשאי לבצע בדיקת דם לגילוי נגיף ה-HIV באחד מהמרכזים שהוכרו לעניין זה על ידי שר הבריאות. הבדיקה מצריכה אישור מרופא באותו מוסד רפואי.
אם עדיין לא מלאו לקטין 14 שנה, נדרש אישור של רופא ושל עובד סוציאלי לצורך ביצוע הבדיקה.
מי זכאי?
אשפוז פסיכיאטרי
קטין מגיל 15 ומעלה:

קטין מתחת לגיל 15:

למידע נוסף ראו אשפוז מרצון של קטין מתמודד נפש.
הקטין רשאי לסרב לאשפוז פסיכיאטרי שדורשים הוריו (או האפוטרופוס שלו), ובמקרה זה ניתן יהיה לאשפז אותו רק  לפי צו של בית משפט לנוער.
הקטין רשאי לבקש להתאשפז באשפוז פסיכיאטרי, ואם הוריו או האפוטרופוס שלו אינם מתנגדים, הוא יאושפז. במקרה של התנגדות, על הקטין לפנות לבית משפט לנוער לצורך האשפוז. למידע נוסף ראו אשפוז פסיכיאטרי בהסכמת הקטין בלבד.
הקטין אינו יכול לבקש להתאשפז מרצונו.
הקטין רשאי לסרב לבקשה של הוריו או האפוטרופוס שלו לאשפז אותו במחלקה פסיכיאטרית או בבית חולים פסיכיאטרי, ובמקרה כזה יועבר הענין לוועדה פסיכיאטרית מחוזית לילדים ולנוער, שתחליט אם לאשר את האשפוז.
",https://www.kolzchut.org.il/he/בדיקות_וטיפולים_רפואיים_שקטין_רשאי_להחליט_לגביהם,3547
תן לי רשימה של תנאים האם אני זכאי לסיוע בשכר דירה אני אברך ואישתי מורה לחינוך מיוחד הריון חודש חמישי,"
הזכאות לסיוע בשכר דירה (/he/זכאות_לסיוע_בשכר_דירה) מותנית בכך שהדירה המושכרת עונה על התנאים שיפורטו בדף זה


 
לשם קבלת הסיוע יש להוציא תעודת זכאות (/he/הוצאת_תעודת_זכאות_לסיוע_בשכר_דירה) מטעם משרד הבינוי והשיכון


 
למידע נוסף, ראו באתר משרד הבינוי והשיכון (https://www.gov.il/he/departments/guides/rental_assistance_step_by_step?chapterIndex=2)
קבלת סיוע בשכר דירה מותנית בכך שהדירה המושכרת לזכאים לסיוע עונה על כל התנאים הבאים:

הדירה נמצאת ביישוב שניתן לקבל בו סיוע בשכר דירה.
מדובר על דירה או חלק מדירה במבנה קבע או חדר בבית מלון.
במקרה של שכירת מבנה זמני (כגון קרוואן) יש להציג היתר בנייה כדין.
הדירה לא מושכרת מקרובים של מבקשי הסיוע שהם:

עם זאת, מי ששכרו דירה מאח או מאחות והחלו לקבל עבורה סיוע בשכר דירה לפני ינואר 2014, יוכלו להמשיך לקבל את הסיוע אם הם עדיין שוכרים את אותה דירה (ברציפות).
בני זוגם או הידועים בציבור של מבקשי הסיוע.
בני זוגם לשעבר או הידועים בציבור לשעבר של מבקשי הסיוע.
הוריהם (אב/אם ובני זוגם) של מבקשי הסיוע.
ילדיהם (בן/בת) ובני זוגם (חתן/כלה) של מבקשי הסיוע.
אחיהם ואחיותיהם של מבקשי הסיוע.

גורמים מסייעים
מוקדים ממשלתיים
שם: משרד הבינוי והשיכון - מוקד סיוע בדיור 
אתר:    אתר
דוא""ל: 
טלפוןטל': *5442
גורמים מסייעים
מוקדים ממשלתיים
שם: מוקד סיוע במשכנתא לקשישים ולאנשים עם מוגבלות 
אתר:    אתר
דוא""ל: דוא""ל
טלפוןטל': *2310
גורמים מסייעים
מוקדים ממשלתיים
שם:  הרשות לרישום והסדר זכויות מקרקעין (טאבו)
אתר:    אתר
דוא""ל: דוא""ל
טלפוןטל': *8653",https://www.kolzchut.org.il/he/דירות_שניתן_לקבל_עבורן_סיוע_בשכר_דירה,2613
"לא מצליח להבין אין מקבלים את ההנחה על,טסט למשרתי המילויאם","
מי זכאי?
כל משרת מילואים פעיל.
ההנחה ניתנת עבור רכב אחד בלבד בבעלות פרטית (שאינה ליסינג, עסקית וכו'), גם אם הבעלות משותפת עם בן/בת הזוג.
מי שבבעלותם יותר מרכב אחד, יקבלו את ההנחה עבור הרכב הראשון שאגרת הרישוי השנתית שלו מתחדשת בשנת הזכאות שמתחילה ב-1 במאי או ב-1 בנובמבר.

משך הזכאות
הזכאות תקפה למשך 3 שנים החל מ-1 במאי או 1 בנובמבר של השנה העוקבת לשנה שבה הושלמה צבירת ימי המילואים שמזכים בתעודת משרת מילואים פעיל.
חייל מילואים שביצע 15 ימי שמ""פ בשנת 2021 (וזכאי לתגמול נוסף בשווי של נקודת זיכוי אחת).
הוא יהיה זכאי להנחה בתשלום האגרה החל מ-01.05.2022 ולמשך 3 שנים, עד ל-01.05.2025.

תהליך מימוש הזכות
רשימת חיילי המילואים שזכאים להנחה נקבעת על ידי צה""ל ונשלחת למשרד התחבורה פעם בשנה.
זכאים שהרכב רשום על שם בן/בת זוגם יכולים להוסיף את עצמם כשותפים לרישיון הרכב.
בזמן תשלום האגרה ההנחה מחושבת לזכאים באופן אוטומטי.
אם הזכאות להנחה לא מצוינת על טופס התשלום לחידוש רישיון הרכב, יש לפנות למוקד המילואים של צה""ל בטלפון 1111 שלוחה 4.
אם הרכב המזכה עבר אירוע (גניבה, ""אובדן גמור"" עקב תאונה, מכירה, או כל סיבה אחרת) ויש בבעלות של הזכאי רכב אחר, יש להודיע על השינוי כדי לקבל את ההנחה.
מי שמעוניינים לשנות את מספר הרכב כדי לקבל הנחה על רכב אחר יפנו באופן מקוון (בנושא רישיון רכב).
לבירורים ניתן לפנות למוקד המילואים של צה""ל בטלפון 1111 שלוחה 4.
זכאים שרכשו רכב ישירות מהיבואן יפנו למוקד המילואים לצורך הטיפול בהחזר.
",https://www.kolzchut.org.il/he/הנחה_לחיילי_מילואים_באגרת_רישוי_רכב_שנתית_%28טסט%29,7926
"ילדת אומנה עם הליכון שהיה להורים שלה תג חניה בגללה, גם הורי האומנה יכולים לקבל עבורה?","גמלת ילד נכה והטבות נלוות
תהליך מימוש הזכות
אם ילד קיבל גמלת ילד נכה לפני השמתו באומנה, משרד הרווחה יודיע למוסד לביטוח לאומי על ההשמה והורה האומנה יתחיל לקבל את הגמלה ב-1 בחודש אחרי שההודעה תתקבל.
אם ילד שיש לו מוגבלות או מחלה קשה לא קיבל גמלת ילד נכה לפני השמתו באומנה, הורה האומנה יהיה רשאי להגיש תביעה לגמלת ילד נכה. יש לצרף לתביעה אישור של מנחה האומנה.

על הורה האומנה ליידע את הורי הילד מראש (ישירות או באמצעות מנחה האומנה) על כוונתו להגיש את התביעה.
אם התביעה תאושר, הגמלה תשולם להורה האומנה לתקופה שמתחילה ב-1 בחודש שבו הילד הושם אצל משפחת האומנה (אך לא לפני 01.06.2024). זאת בתנאי שבמועד הגשת התביעה הילד שהה אצל אותה משפחה לפחות חודש.

זכויות נוספות
עובדים שהם הורי אומנה לילד/ה עם מוגבלות זכאים, בהתאם לתנאים, להיעדר בתשלום מהעבודה לצורך סיוע אישי לילד/ה. למידע נוסף ראו ימי מחלה לצורך סיוע אישי של הורה לאדם עם מוגבלות.
ילדים עם מוגבלות שמתגוררים אצל משפחת אומנה זכאים לצאת לנופשונים מסובסדים בכל ימות השנה. למידע נוסף ראו:

אם הילדים מתקשים בהליכה או שתנועתם ללא רכב עלולה לערער את מצב בריאותם, הורי האומנה עשויים לקבל תג חניה לנכה.
נופשונים לילדים ובוגרים עם מוגבלות המתגוררים בבית הוריהם
נופשון הקלה - אירוח לילדים ובני נוער עם צרכים מיוחדים

חשוב לדעת
תשלום גמלת ילד נכה להורה האומנה יסתיים ב-1 בחודש אחרי היום שבו הסתיימה אומנת הילד אצל אותה משפחה.

גורמים מסייעים
מוקדים ממשלתיים
שם: מענה ממשלתי מרכזי 
אתר:    אתר
דוא""ל: דוא""ל
טלפוןטל': 1299
גורמים מסייעים
מוקדים ממשלתיים
שם: ביטוח לאומי 
אתר:    אתר
דוא""ל: 
טלפוןטל': *6050",https://www.kolzchut.org.il/he/הטבות_לילד_עם_מוגבלות_%28ילד_נכה%29_במשפחת_אומנה,13562
מס רכישה מופחת,"
פורטל זה מרכז מידע בנוגע למס הרכישה, ולמקרים שבהם ניתן לקבל פטור או הנחה בתשלום המס.
מס רכישה (/he/חישוב_מס_רכישה) הוא מס המשולם למדינה על-ידי הרוכש של זכות במקרקעין (/he/זכות_במקרקעין).
מידע כללי
חישוב מס רכישה
קנס על מס רכישה
זכות במקרקעין
פטור ממס רכישה בהעברת זכויות בדירת מגורים לבן זוג

הנחות לאנשים עם מוגבלות
הנחה במס רכישה לנכים
הנחה במס רכישה לעיוורים ולקויי ראייה
הנחה במס רכישה לילדים עם נכות בשיעור של 100%
הנחה במס רכישה לניצולי שואה ונכי המלחמה בנאצים
הנחה בתשלום מס רכישה לניצולי שואה המקבלים קצבת בריאות מגרמניה (B.E.G)
הנחה במס רכישה לנכי עבודה
הנחה במס רכישה לנכי צה""ל וכוחות הביטחון
הנחה במס רכישה לנכי תאונות דרכים
הנחה במס רכישה לנפגע פעולת איבה

הנחות לאוכלוסיות שונות
הנחה במס רכישה לעולים
הנחה במס רכישה לבני משפחות שכולות
הנחה במס רכישה לבני משפחה של חלל פעולת איבה
הנחה במס רכישה לבני משפחה של הרוגי מלכות

הליכים
החזר מס בגין תשלום עודף של מס שבח או מס רכישה
שומת מס רכישה
הצהרה על מכירה או רכישה של זכות במקרקעין
תשלום מס רכישה
ביטול עסקה לרכישת מקרקעין
ועדה רפואית להנחה במס רכישה

גורמים מסייעים
מוקדים ממשלתיים
שם: רשות המיסים 
אתר:    אתר
דוא""ל: פניה מקוונת
טלפוןטל': *4954
גורמים מסייעים
מוקדים ממשלתיים
שם: מס רכוש 
אתר:    אתר
דוא""ל: 
טלפוןטל': *4954
גורמים מסייעים
מוקדים ממשלתיים
שם: שי""ל 
אתר:    אתר
דוא""ל: פניה מקוונת
טלפוןטל': 118
גורמים מסייעים
מוקדים ממשלתיים
שם: מענה ממשלתי מרכזי 
אתר:    אתר
דוא""ל: דוא""ל
טלפוןטל': 1299
מוקדים ממשלתיים
שם: רשות המיסים 
טלפון: *4954
מוקדים ממשלתיים
שם: מס רכוש 
טלפון: *4954
מוקדים ממשלתיים
שם: שי""ל 
טלפון: 118",https://www.kolzchut.org.il/he/מס_רכישה,4571
"אני הבנתי שאם אמבולנס לקח מישהו משטח ציבורי אין חיוב למד""א (כמו הזמנת מכבדי אש במקום צבורי) האם זה נכון?
","מי זכאי?
מימון מלא של עלויות הפינוי
מבוטחים שפונו ואושפזו בבית החולים זכאים למימון מלא של הוצאות הפינוי על-ידי קופת החולים בה הם מבוטחים.
מבוטחים שהועברו ממיון בבית חולים אחד להמשך טיפול בבית חולים אחר זכאים למימון מלא של הוצאות הפינוי על-ידי קופת החולים שבה הם מבוטחים.
מבוטחים שהועברו מבית חולים אחד לאחר זכאים למימון מלא של הוצאות הפינוי על-ידי ביה""ח המפנה (אלא אם הועברו למוסד סיעודי).
מבוטחים שהועברו מבית החולים למסגרת שיקום או סיעוד מורכב זכאים למימון מלא של הוצאות הפינוי על-ידי קופת החולים שבה הם מבוטחים.
מבוטחים שנמצאים בהכרה מעורפלת עם חשד לתקיפה מינית שמוסעים באמבולנס למרכז אקוטי לתקיפה מינית זכאים להחזר מלא של הוצאות הפינוי.
מבוטחים שהוסעו לבית חולים בניידת טיפול נמרץ או באמבולנס ונפטרו לפני שאושפזו, יתקבל החזר מלא של הוצאות הפינוי עד לסכום האגרה שקבועה בתקנות.
מי זכאי?
מימון חלקי של עלויות הפינוי
מבוטחים שפונו באמבולנס טיפול נמרץ (אט""ן) או בניידת טיפול נמרץ (נט""ן) ולא אושפזו בבית החולים זכאים למימון 50% מהוצאות הפינוי על ידי קופת החולים בה הם מבוטחים.
מבוטחים שמלאו להם 80 שנים וזכאים לגמלת סיעוד ולגמלת הבטחת הכנסה שמוסעים לבית חולים בניידת טיפול נמרץ או באמבולנס, זכאים להחזר של 50% מהוצאות הפינוי, עד לסכום ששווה ל־50% מהאגרה שקבועה בתקנות.
חלק מקופות החולים מעניקות הטבות מעבר לזכאות הבסיסית (ראו פרטים באתר ""כל הבריאות""). מומלץ לפנות לקופת החולים, בכל מקרה, לשם ברור היקף הזכאות.
",https://www.kolzchut.org.il/he/מימון_עלויות_פינוי_באמבולנס,2844
